{
  "service_id": "qaas-0990660e999e",
  "service_kind": "qaas",
  "optimization_epochs": 0,
  "last_optimization": 1782128668.480482,
  "proposals": [],
  "heal_attempts": [],
  "health_history": [],
  "error_rates": [
    2.3165504401831932e-08
  ],
  "execution_times": [
    14.098916999500943
  ]
}