{
  "service_id": "qaas-46c171513b11",
  "service_kind": "qaas",
  "optimization_epochs": 0,
  "last_optimization": 1782128709.588733,
  "proposals": [],
  "heal_attempts": [],
  "health_history": [],
  "error_rates": [
    2.3165504401831932e-08
  ],
  "execution_times": [
    14.636959000199568
  ]
}