{
  "claim_boundary": "SU(2) spectral-spacing runtime evidence only; not a proof of the Riemann Hypothesis or Yang-Mills mass gap",
  "contract_satisfied": false,
  "forensic_sha256": "b086e7df34a0b41e5b37d60b55a6fda63d93f11e88c6c131d0a8a34e9f76b9ff",
  "histogram": {
    "centers": [
      0.125,
      0.375,
      0.625,
      0.875,
      1.125,
      1.375,
      1.625,
      1.875,
      2.125,
      2.375,
      2.625,
      2.875,
      3.125,
      3.375,
      3.625,
      3.875
    ],
    "control_lcg_density": [
      1.833049403748,
      0.515161839864,
      0.357069846678,
      0.30528109029,
      0.261669505963,
      0.136286201022,
      0.128109028961,
      0.092674616695,
      0.076320272572,
      0.070868824532,
      0.070868824532,
      0.040885860307,
      0.024531516184,
      0.046337308348,
      0.024531516184,
      0.016354344123
    ],
    "gue_wigner_density": [
      0.04966269059,
      0.3811997794,
      0.770211347478,
      0.936495389165,
      0.81905700335,
      0.552095124297,
      0.296752621899,
      0.129673007459,
      0.046623406276,
      0.013903762376,
      0.003458299396,
      0.000720374651,
      0.000126049581,
      1.8570664e-05,
      2.307886e-06,
      2.42293e-07
    ],
    "phi_lcg_density": [
      1.734923339012,
      0.572402044293,
      0.436115843271,
      0.278023850085,
      0.218057921635,
      0.155366269165,
      0.147189097104,
      0.103577512777,
      0.087223168654,
      0.068143100511,
      0.046337308348,
      0.035434412266,
      0.049063032368,
      0.019080068143,
      0.027257240204,
      0.021805792164
    ]
  },
  "sample_count": 256,
  "samplers": {
    "control_lcg": {
      "increment": 1013904223,
      "ks_distance_to_gue_wigner": 0.462483675224,
      "multiplier": 1664525,
      "r_squared_to_gue_wigner": 0.0
    },
    "phi_lcg": {
      "ks_distance_to_gue_wigner": 0.444482692872,
      "r_squared_to_gue_wigner": 0.0,
      "stride": 2654435769
    }
  },
  "schema_version": "hyba.forensic_spectral_zeta_probe.v1",
  "spacing_count": 3072,
  "thresholds": {
    "r_squared_pass": 0.95,
    "requires_phi_beats_control": true
  }
}